{
  "name": "{{Dataset_Name}}",
  "compatibilityLevel": 1604,
  "model": {
    "name": "{{Dataset_Name}}",
    "culture": "en-US",
    "collation": "Latin1_General_100_BIN2_UTF8",
    "dataAccessOptions": {
      "legacyRedirects": true,
      "returnErrorValuesAsNull": true
    },
    "defaultPowerBIDataSourceVersion": "powerBI_V3",
    "sourceQueryCulture": "en-US",
    "tables": [
      {
        "name": "video_game_sales_clean",
        "sourceLineageTag": "[dbo].[video_game_sales_clean]",
        "columns": [
          {
            "name": "Rank",
            "dataType": "int64",
            "sourceColumn": "Rank",
            "formatString": "0",
            "sourceProviderType": "int",
            "sourceLineageTag": "Rank",
            "summarizeBy": "sum",
            "annotations": [
              {
                "name": "SummarizationSetBy",
                "value": "Automatic"
              }
            ]
          },
          {
            "name": "Name",
            "dataType": "string",
            "sourceColumn": "Name",
            "sourceProviderType": "varchar",
            "sourceLineageTag": "Name",
            "summarizeBy": "none",
            "annotations": [
              {
                "name": "SummarizationSetBy",
                "value": "Automatic"
              }
            ]
          },
          {
            "name": "Platform",
            "dataType": "string",
            "sourceColumn": "Platform",
            "sourceProviderType": "varchar",
            "sourceLineageTag": "Platform",
            "summarizeBy": "none",
            "annotations": [
              {
                "name": "SummarizationSetBy",
                "value": "Automatic"
              }
            ]
          },
          {
            "name": "Year",
            "dataType": "int64",
            "sourceColumn": "Year",
            "formatString": "0",
            "sourceProviderType": "int",
            "sourceLineageTag": "Year",
            "summarizeBy": "sum",
            "annotations": [
              {
                "name": "SummarizationSetBy",
                "value": "Automatic"
              }
            ]
          },
          {
            "name": "Genre",
            "dataType": "string",
            "sourceColumn": "Genre",
            "sourceProviderType": "varchar",
            "sourceLineageTag": "Genre",
            "summarizeBy": "none",
            "annotations": [
              {
                "name": "SummarizationSetBy",
                "value": "Automatic"
              }
            ]
          },
          {
            "name": "Publisher",
            "dataType": "string",
            "sourceColumn": "Publisher",
            "sourceProviderType": "varchar",
            "sourceLineageTag": "Publisher",
            "summarizeBy": "none",
            "annotations": [
              {
                "name": "SummarizationSetBy",
                "value": "Automatic"
              }
            ]
          },
          {
            "name": "NA_Sales",
            "dataType": "double",
            "sourceColumn": "NA_Sales",
            "sourceProviderType": "float",
            "sourceLineageTag": "NA_Sales",
            "summarizeBy": "sum",
            "annotations": [
              {
                "name": "SummarizationSetBy",
                "value": "Automatic"
              },
              {
                "name": "PBI_FormatHint",
                "value": "{\"isGeneralNumber\":true}"
              }
            ]
          },
          {
            "name": "EU_Sales",
            "dataType": "double",
            "sourceColumn": "EU_Sales",
            "sourceProviderType": "float",
            "sourceLineageTag": "EU_Sales",
            "summarizeBy": "sum",
            "annotations": [
              {
                "name": "SummarizationSetBy",
                "value": "Automatic"
              },
              {
                "name": "PBI_FormatHint",
                "value": "{\"isGeneralNumber\":true}"
              }
            ]
          },
          {
            "name": "JP_Sales",
            "dataType": "double",
            "sourceColumn": "JP_Sales",
            "sourceProviderType": "float",
            "sourceLineageTag": "JP_Sales",
            "summarizeBy": "sum",
            "annotations": [
              {
                "name": "SummarizationSetBy",
                "value": "Automatic"
              },
              {
                "name": "PBI_FormatHint",
                "value": "{\"isGeneralNumber\":true}"
              }
            ]
          },
          {
            "name": "Other_Sales",
            "dataType": "double",
            "sourceColumn": "Other_Sales",
            "sourceProviderType": "float",
            "sourceLineageTag": "Other_Sales",
            "summarizeBy": "sum",
            "annotations": [
              {
                "name": "SummarizationSetBy",
                "value": "Automatic"
              },
              {
                "name": "PBI_FormatHint",
                "value": "{\"isGeneralNumber\":true}"
              }
            ]
          },
          {
            "name": "Global_Sales",
            "dataType": "double",
            "sourceColumn": "Global_Sales",
            "sourceProviderType": "float",
            "sourceLineageTag": "Global_Sales",
            "summarizeBy": "sum",
            "annotations": [
              {
                "name": "SummarizationSetBy",
                "value": "Automatic"
              },
              {
                "name": "PBI_FormatHint",
                "value": "{\"isGeneralNumber\":true}"
              }
            ]
          },
          {
            "name": "Decade",
            "dataType": "int64",
            "sourceColumn": "Decade",
            "formatString": "0",
            "sourceProviderType": "int",
            "sourceLineageTag": "Decade",
            "summarizeBy": "sum",
            "annotations": [
              {
                "name": "SummarizationSetBy",
                "value": "Automatic"
              }
            ]
          }
        ],
        "partitions": [
          {
            "name": "{{Partition_Name}}",
            "mode": "directLake",
            "source": {
              "type": "entity",
              "entityName": "video_game_sales_clean",
              "expressionSource": "DatabaseQuery",
              "schemaName": "dbo"
            }
          }
        ],
        "annotations": [
          {
            "name": "IsTableInBiModel",
            "value": "False"
          }
        ]
      }
    ],
    "expressions": [
      {
        "name": "DatabaseQuery",
        "kind": "m",
        "expression": "let\n    database = {{TDS_Endpoint}}\nin\n    database\n"
      }
    ],
    "annotations": [
      {
        "name": "__PBI_TimeIntelligenceEnabled",
        "value": "0"
      },
      {
        "name": "SourceLineageTagType",
        "value": "DatabaseFullyQualifiedName"
      }
    ]
  }
}